,Chinese name,Foreign name,Other name,who,When/Where/What,Score,About
0,肖申克的救赎,The Shawshank Redemption,月黑高飞(港)  /  刺激1995(台),导演:弗兰克·德拉邦特FrankDarabont\主演:蒂姆·罗宾斯TimRobbins/...,1994/美国/犯罪剧情,9.7,希望让人自由。
1,霸王别姬, ,再见，我的妾  /  Farewell My Concubine,导演:陈凯歌KaigeChen\主演:张国荣LeslieCheung/张丰毅FengyiZha...,1993/中国大陆中国香港/剧情爱情同性,9.6,风华绝代。
2,阿甘正传,Forrest Gump,福雷斯特·冈普,导演:罗伯特·泽米吉斯RobertZemeckis\主演:汤姆·汉克斯TomHanks/...,1994/美国/剧情爱情,9.5,一部美国近现代史。
3,泰坦尼克号,Titanic,铁达尼号(港 / 台),导演:詹姆斯·卡梅隆JamesCameron\主演:莱昂纳多·迪卡普里奥Leonardo...,1997/美国墨西哥/剧情爱情灾难,9.5,失去的才是永恒的。 
4,这个杀手不太冷,Léon,终极追杀令(台)  /  杀手莱昂,导演:吕克·贝松LucBesson\主演:让·雷诺JeanReno/娜塔莉·波特曼...,1994/法国美国/剧情动作犯罪,9.4,怪蜀黍和小萝莉不得不说的故事。
5,千与千寻,千と千尋の神隠し,神隐少女(台)  /  千与千寻的神隐,导演:宫崎骏HayaoMiyazaki\主演:柊瑠美RumiHîragi/入野自由Miy...,2001/日本/剧情动画奇幻,9.4,最好的宫崎骏，最好的久石让。 
6,美丽人生,La vita è bella,一个快乐的传说(港)  /  Life Is Beautiful,导演:罗伯托·贝尼尼RobertoBenigni\主演:罗伯托·贝尼尼RobertoBeni...,1997/意大利/剧情喜剧爱情战争,9.5,最美的谎言。
7,星际穿越,Interstellar,星际启示录(港)  /  星际效应(台),导演:克里斯托弗·诺兰ChristopherNolan\主演:马修·麦康纳MatthewMc...,2014/美国英国加拿大/剧情科幻冒险,9.4,爱是一种力量，让我们超越时空感知它的存在。
8,盗梦空间,Inception,潜行凶间(港)  /  全面启动(台),导演:克里斯托弗·诺兰ChristopherNolan\主演:莱昂纳多·迪卡普里奥Le...,2010/美国英国/剧情科幻悬疑冒险,9.4,诺兰给了我们一场无法盗取的梦。
9,辛德勒的名单,Schindler's List,舒特拉的名单(港)  /  辛德勒名单,导演:史蒂文·斯皮尔伯格StevenSpielberg\主演:连姆·尼森LiamNeeson...,1993/美国/剧情历史战争,9.5,拯救一个人，就是拯救整个世界。
10,楚门的世界,The Truman Show,真人Show(港)  /  真人戏,导演:彼得·威尔PeterWeir\主演:金·凯瑞JimCarrey/劳拉·琳妮Lau...,1998/美国/剧情科幻,9.4,如果再也不能见到你，祝你早安，午安，晚安。
11,忠犬八公的故事,Hachi: A Dog's Tale,秋田犬八千(港)  /  忠犬小八(台),导演:莱塞·霍尔斯道姆LasseHallström\主演:理查·基尔RichardGer...,2009/美国英国/剧情,9.4,永远都不能忘记你所爱的人。
12,海上钢琴师,La leggenda del pianista sull'oceano,声光伴我飞(港)  /  一九零零的传奇,导演:朱塞佩·托纳多雷GiuseppeTornatore\主演:蒂姆·罗斯TimRoth/...,1998/意大利/剧情音乐,9.3,每个人都要走一条自己坚定了的路，就算是粉身碎骨。 
13,三傻大闹宝莱坞,3 Idiots,三个傻瓜(台)  /  作死不离3兄弟(港),导演:拉库马·希拉尼RajkumarHirani\主演:阿米尔·汗AamirKhan/卡...,2009/印度/剧情喜剧爱情歌舞,9.2,英俊版憨豆，高情商版谢耳朵。
14,放牛班的春天,Les choristes,歌声伴我心(港)  /  唱诗班男孩,导演:克里斯托夫·巴拉蒂ChristopheBarratier\主演:让-巴蒂斯特·莫尼...,2004/法国瑞士德国/剧情音乐,9.3,天籁一般的童声，是最接近上帝的存在。 
15,机器人总动员,WALL·E,太空奇兵·威E(港)  /  瓦力(台),导演:安德鲁·斯坦顿AndrewStanton\主演:本·贝尔特BenBurtt/艾丽...,2008/美国/科幻动画冒险,9.3,小瓦力，大人生。
16,疯狂动物城,Zootopia,优兽大都会(港)  /  动物方城市(台),导演:拜伦·霍华德ByronHoward/瑞奇·摩尔RichMoore\主演:金妮弗·...,2016/美国/喜剧动画冒险,9.2,迪士尼给我们营造的乌托邦就是这样，永远善良勇敢，永远出乎意料。
17,无间道,無間道,Infernal Affairs  /  Mou gaan dou,导演:刘伟强/麦兆辉\主演:刘德华AndyLau/梁朝伟TonyLeungChiuW...,2002/中国香港/剧情犯罪惊悚,9.3,香港电影史上永不过时的杰作。
18,控方证人,Witness for the Prosecution,雄才伟略  /  情妇,导演:比利·怀尔德BillyWilder\主演:泰隆·鲍华TyronePower/玛琳·...,1957/美国/剧情犯罪悬疑,9.6,比利·怀德满分作品。
19,大话西游之大圣娶亲,西遊記大結局之仙履奇緣,西游记完结篇仙履奇缘  /  齐天大圣西游记,导演:刘镇伟JeffreyLau\主演:周星驰StephenChow/吴孟达ManTatNg...,1995/中国香港中国大陆/喜剧爱情奇幻古装,9.2,一生所爱。
20,熔炉,도가니,无声呐喊(港)  /  漩涡,导演:黄东赫Dong-hyukHwang\主演:孔侑YooGong/郑有美Yu-miJung/...,2011/韩国/剧情,9.4,我们一路奋战不是为了改变世界，而是为了不让世界改变我们。
21,教父,The Godfather,Mario Puzo's The Godfather,导演:弗朗西斯·福特·科波拉FrancisFordCoppola\主演:马龙·白兰度M...,1972/美国/剧情犯罪,9.3,千万不要记恨你的对手，这样会让你失去理智。
22,触不可及,Intouchables,闪亮人生(港)  /  逆转人生(台),导演:奥利维·那卡什OlivierNakache/艾力克·托兰达EricToledano\主...,2011/法国/剧情喜剧,9.3,满满温情的高雅喜剧。
23,当幸福来敲门,The Pursuit of Happyness,寻找快乐的故事(港)  /  追求快乐,导演:加布里尔·穆奇诺GabrieleMuccino\主演:威尔·史密斯WillSmith...,2006/美国/剧情传记家庭,9.2,平民励志片。 
24,寻梦环游记,Coco,玩转极乐园(港)  /  可可夜总会(台),导演:李·昂克里奇LeeUnkrich/阿德里安·莫利纳AdrianMolina\主演:...,2017/美国/喜剧动画奇幻音乐,9.1,死亡不是真的逝去，遗忘才是永恒的消亡。
25,末代皇帝,The Last Emperor,末代皇帝溥仪(港)  /  L'ultimo imperatore,导演:贝纳尔多·贝托鲁奇BernardoBertolucci\主演:尊龙JohnLone/陈...,1987/英国意大利中国大陆法国/剧情传记历史,9.3,“不要跟我比惨，我比你更惨”再适合这部电影不过了。
26,龙猫,となりのトトロ,邻居托托罗  /  邻家的豆豆龙,导演:宫崎骏HayaoMiyazaki\主演:日高法子NorikoHidaka/坂本千夏Ch...,1988/日本/动画奇幻冒险,9.2,人人心中都有个龙猫，童年就永远不会消失。
27,怦然心动,Flipped,萌动青春  /  青春萌动,导演:罗伯·莱纳RobReiner\主演:玛德琳·卡罗尔MadelineCarroll/卡...,2010/美国/剧情喜剧爱情,9.1,真正的幸福是来自内心深处。
28,活着, ,人生  /  Lifetimes,导演:张艺谋YimouZhang\主演:葛优YouGe/巩俐LiGong/姜武WuJiang,1994/中国大陆中国香港/剧情历史家庭,9.3,张艺谋最好的电影。
29,哈利·波特与魔法石,Harry Potter and the Sorcerer's Stone,哈利波特1：神秘的魔法石(港 / 台) ,导演:ChrisColumbus\主演:DanielRadcliffe/EmmaWatson/RupertGrint,2001/美国英国/奇幻冒险,9.2,童话世界的开端。
30,蝙蝠侠：黑暗骑士,The Dark Knight,蝙蝠侠前传2：黑暗骑士  /  黑暗骑士(台),导演:克里斯托弗·诺兰ChristopherNolan\主演:克里斯蒂安·贝尔Christ...,2008/美国英国/剧情动作科幻犯罪惊悚,9.2,无尽的黑暗。
31,指环王3：王者无敌,The Lord of the Rings: The Return of the King,魔戒三部曲：王者再临(台 / 港) ,导演:彼得·杰克逊PeterJackson\主演:伊利亚·伍德ElijahWood/西恩...,2003/美国新西兰/剧情动作奇幻冒险,9.3,史诗的终章。
32,我不是药神, ,中国药神  /  印度药神,导演:文牧野MuyeWen\主演:徐峥ZhengXu/王传君ChuanjunWang/周...,2018/中国大陆/剧情喜剧,9.0,对我们国家而言，这样的电影多一部是一部。
33,乱世佳人,Gone with the Wind,飘,导演:维克多·弗莱明VictorFleming/乔治·库克GeorgeCukor\主演:费...,1939/美国/剧情历史爱情战争,9.3,Tomorrow is another day.
34,飞屋环游记,Up,冲天救兵(港)  /  天外奇迹(台),导演:彼特·道格特PeteDocter/鲍勃·彼德森BobPeterson\主演:爱德...,2009/美国/剧情喜剧动画冒险,9.1,最后那些最无聊的事情，才是最值得怀念的。 
35,素媛,소원,许愿  /  希望：为爱重生(台),导演:李濬益Jun-ikLee\主演:薛景求Kyung-guSol/严志媛Ji-wonUhm...,2013/韩国/剧情,9.3,受过伤害的人总是笑得最开心，因为他们不愿意让身边的人承受一样的痛苦。
36,哈尔的移动城堡,ハウルの動く城,哈尔移动城堡(港)  /  霍尔的移动城堡(台),导演:宫崎骏HayaoMiyazaki\主演:倍赏千惠子ChiekoBaishô/木村拓...,2004/日本/动画奇幻冒险,9.1,带着心爱的人在天空飞翔。
37,十二怒汉,12 Angry Men,12怒汉  /  十二怒汉,导演:SidneyLumet\主演:亨利·方达HenryFonda/马丁·鲍尔萨姆Marti...,1957/美国/剧情,9.4,1957年的理想主义。 
38,何以为家,كفرناحوم,迦百农  /  星仔打官司(港),导演:娜丁·拉巴基NadineLabaki\主演:扎因·拉费阿Zainal-Rafeea/...,2018/黎巴嫩美国法国塞浦路斯卡塔尔英国/剧情,9.1,凝视卑弱生命，用电影改变命运。
39,让子弹飞, ,让子弹飞一会儿  /  火烧云,导演:姜文WenJiang\主演:姜文WenJiang/葛优YouGe/周润发Yun-F...,2010/中国大陆中国香港/剧情喜剧动作西部,9.0,你给我翻译翻译，神马叫做TMD的惊喜。
40,摔跤吧！爸爸,Dangal,我和我的冠军女儿(台)  /  打死不离3父女(港),导演:涅提·蒂瓦里NiteshTiwari\主演:阿米尔·汗AamirKhan/法缇玛...,2016/印度/剧情传记运动家庭,9.0,你不是在为你一个人战斗，你要让千千万万的女性看到女生并不是只能相夫教子。
41,猫鼠游戏,Catch Me If You Can,逍遥法外  /  捉智双雄(港),导演:史蒂文·斯皮尔伯格StevenSpielberg\主演:莱昂纳多·迪卡普里奥L...,2002/美国加拿大/传记犯罪剧情,9.1,骗子大师和执著警探的你追我跑故事。 
42,天空之城,天空の城ラピュタ,天空之城拉普他  /  空中城堡拉普他,导演:宫崎骏HayaoMiyazaki\主演:田中真弓MayumiTanaka/横泽启子Ke...,1986/日本/动画奇幻冒险,9.2,对天空的追逐，永不停止。 
43,鬼子来了, ,Devils on the Doorstep,导演:姜文WenJiang\主演:姜文WenJiang/香川照之TeruyukiKagawa/...,2000/中国大陆/剧情喜剧,9.3,对敌人的仁慈，就是对自己残忍。
44,少年派的奇幻漂流,Life of Pi,少年Pi的奇幻漂流  /  漂流少年Pi,导演:李安AngLee\主演:苏拉·沙玛SurajSharma/伊尔凡·可汗Irrfan...,2012/美国中国台湾英国加拿大/剧情奇幻冒险,9.1,瑰丽壮观、无人能及的冒险之旅。
45,海蒂和爷爷,Heidi,飘零燕(港)  /  海蒂,导演:阿兰·葛斯彭纳AlainGsponer\主演:阿努克·斯特芬AnukSteffen/...,2015/德国瑞士/剧情冒险家庭,9.3,如果生活中有什么使你感到快乐，那就去做吧！不要管别人说什么。
46,钢琴家,The Pianist,钢琴战曲(港)  /  战地琴人(台),导演:罗曼·波兰斯基RomanPolanski\主演:艾德里安·布洛迪AdrienBrod...,2002/英国法国波兰德国/剧情传记战争音乐,9.3,音乐能化解仇恨。
47,大话西游之月光宝盒,西遊記第壹佰零壹回之月光寶盒,西游记101回月光宝盒  /  齐天大圣东游记,导演:刘镇伟JeffreyLau\主演:周星驰StephenChow/吴孟达ManTatNg...,1995/中国香港中国大陆/喜剧爱情奇幻古装,9.0,旷古烁今。
48,指环王2：双塔奇兵,The Lord of the Rings: The Two Towers,魔戒二部曲：双城奇谋  /  指环王II：双塔,导演:彼得·杰克逊PeterJackson\主演:伊利亚·伍德ElijahWood/西恩...,2002/美国新西兰/剧情动作奇幻冒险,9.2,承前启后的史诗篇章。
49,闻香识女人,Scent of a Woman,女人香  /  女人的芳香,导演:马丁·布莱斯MartinBrest\主演:阿尔·帕西诺AlPacino/克里斯...,1992/美国/剧情,9.1,史上最美的探戈。
50,死亡诗社,Dead Poets Society,暴雨骄阳(港)  /  春风化雨(台),导演:彼得·威尔PeterWeir\主演:罗宾·威廉姆斯RobinWilliams/罗伯...,1989/美国/剧情,9.2,当一个死水般的体制内出现一个活跃的变数时，所有的腐臭都站在了光明的对面。
51,绿皮书,Green Book,绿簿旅友(港)  /  幸福绿皮书(台),导演:彼得·法雷里PeterFarrelly\主演:维果·莫腾森ViggoMortensen/...,2018/美国中国大陆/剧情喜剧传记音乐,8.9,去除成见，需要勇气。
52,罗马假日,Roman Holiday,金枝玉叶(港)  /  罗马假期(台),导演:威廉·惠勒WilliamWyler\主演:奥黛丽·赫本AudreyHepburn/格...,1953/美国/喜剧剧情爱情,9.1,爱情哪怕只有一天。
53,大闹天宫, ,大闹天宫 上下集  /  The Monkey King,导演:万籁鸣LaimingWan\主演:邱岳峰YuefengQiu/富润生RunshengFu...,1961(中国大陆)/1964(中国大陆)/1978(中国大陆)/中国大陆/剧情动画奇幻古装,9.4,经典之作，历久弥新。
54,天堂电影院,Nuovo Cinema Paradiso,星光伴我心(港)  /  新天堂乐园(台),导演:朱塞佩·托纳多雷GiuseppeTornatore\主演:菲利普·努瓦雷Philipp...,1988/意大利法国/剧情爱情,9.2,那些吻戏，那些青春，都在影院的黑暗里被泪水冲刷得无比清晰。
55,指环王1：护戒使者,The Lord of the Rings: The Fellowship of the Ring,指环王1：魔戒再现  /  指环王I：护戒使者,导演:彼得·杰克逊PeterJackson\主演:伊利亚·伍德ElijahWood/西恩...,2001/新西兰美国/剧情动作奇幻冒险,9.1,传说的开始。
56,黑客帝国,The Matrix,22世纪杀人网络(港)  /  廿二世纪杀人网络(港),导演:安迪·沃卓斯基AndyWachowski/拉娜·沃卓斯基LanaWachowski\主...,1999/美国/动作科幻,9.1,视觉革命。
57,教父2,The Godfather: Part II,教父续集(港)  /  教父II,导演:弗朗西斯·福特·科波拉FrancisFordCoppola\主演:阿尔·帕西诺A...,1974/美国/剧情犯罪,9.3,优雅的孤独。
58,狮子王,The Lion King,狮子王3D,导演:RogerAllers/罗伯·明可夫RobMinkoff\主演:乔纳森·泰勒·托马...,1994/美国/动画冒险歌舞,9.1,动物版《哈姆雷特》。
59,辩护人,변호인,逆权大状(港)  /  正义辩护人(台),导演:杨宇硕Woo-seokYang\主演:宋康昊Kang-hoSong/金英爱Yeong-ae...,2013/韩国/剧情,9.2,电影的现实意义大过电影本身。
60,饮食男女,飲食男女,Eat Drink Man Woman,导演:李安AngLee\主演:郎雄SihungLung/杨贵媚Kuei-MeiYang/吴...,1994/中国台湾美国/剧情家庭,9.2,人生不能像做菜，把所有的料都准备好了才下锅。
61,搏击俱乐部,Fight Club,搏击会(港)  /  斗阵俱乐部(台),导演:大卫·芬奇DavidFincher\主演:爱德华·诺顿EdwardNorton/布拉...,1999/美国/剧情动作悬疑惊悚,9.0,邪恶与平庸蛰伏于同一个母体，在特定的时间互相对峙。
62,本杰明·巴顿奇事,The Curious Case of Benjamin Button,奇幻逆缘(港)  /  班杰明的奇幻旅程(台),导演:大卫·芬奇DavidFincher\主演:凯特·布兰切特CateBlanchett/...,2008/美国/剧情爱情奇幻,9.0,在时间之河里感受溺水之苦。
63,美丽心灵,A Beautiful Mind,有你终生美丽(港)  /  美丽境界(台),导演:朗·霍华德RonHoward\主演:罗素·克劳RussellCrowe/艾德·哈...,2001/美国/传记剧情,9.1,爱是一切逻辑和原由。
64,穿条纹睡衣的男孩,The Boy in the Striped Pajamas,穿条纹衣服的男孩  /  穿条纹衣的男孩,导演:马克·赫尔曼MarkHerman\主演:阿萨·巴特菲尔德AsaButterfield...,2008/英国美国/剧情战争,9.2,尽管有些不切实际的幻想，这部电影依旧是一部感人肺腑的佳作。
65,窃听风暴,Das Leben der Anderen,窃听者(港)  /  他人的生活,导演:弗洛里安·亨克尔·冯·多纳斯马尔克FlorianHenckelvonDonnersmarck&n...,2006/德国/剧情悬疑,9.2,别样人生。
66,情书,Love Letter,When I Close My Eyes  /  Letters of Love,导演:岩井俊二ShunjiIwai\主演:中山美穗MihoNakayama/丰川悦司Ets...,1995/日本/剧情爱情,8.9,暗恋的极致。
67,两杆大烟枪,"Lock, Stock and Two Smoking Barrels",够姜四小强(港)  /  两根枪管(台),导演:盖·里奇GuyRitchie\主演:杰森·弗莱明JasonFlemyng/德克斯特...,1998/英国/剧情喜剧犯罪,9.1,4个臭皮匠顶个诸葛亮，盖·里奇果然不是盖的。
68,西西里的美丽传说,Malèna,真爱伴我行(台)  /  玛莲娜,导演:朱塞佩·托纳多雷GiuseppeTornatore\主演:莫妮卡·贝鲁奇Monica...,2000/意大利美国/剧情战争情色,8.9,美丽无罪。
69,看不见的客人,Contratiempo,死无对证(港)  /  布局(台),导演:奥里奥尔·保罗OriolPaulo\主演:马里奥·卡萨斯MarioCasas/阿...,2016/西班牙/剧情犯罪悬疑惊悚,8.8,你以为你以为的就是你以为的。
70,音乐之声,The Sound of Music,仙乐飘飘处处闻(港)  /  真善美(台),导演:罗伯特·怀斯RobertWise\主演:朱莉·安德鲁斯JulieAndrews/克...,1965/美国/剧情传记爱情歌舞,9.1,用音乐化解仇恨，让歌声串起美好。
71,阿凡达,Avatar,,导演:詹姆斯·卡梅隆JamesCameron\主演:萨姆·沃辛顿SamWorthington...,2009/美国/动作科幻冒险,8.8,绝对意义上的美轮美奂。
72,哈利·波特与死亡圣器(下),Harry Potter and the Deathly Hallows: Part 2,哈利波特7：死神的圣物2(港 / 台) ,导演:大卫·叶茨DavidYates\主演:丹尼尔·雷德克里夫DanielRadcliffe...,2011/美国英国/奇幻冒险,9.0,10年的完美句点。
73,拯救大兵瑞恩,Saving Private Ryan,雷霆救兵(港)  /  抢救雷恩大兵(台),导演:史蒂文·斯皮尔伯格StevenSpielberg\主演:汤姆·汉克斯TomHanks...,1998/美国/剧情战争,9.1,美利坚精神输出大片No1.
74,飞越疯人院,One Flew Over the Cuckoo's Nest,飞越杜鹃窝(台)  /  飞越喜鹊巢,导演:米洛斯·福尔曼MilošForman\主演:杰克·尼科尔森JackNichols...,1975/美国/剧情,9.1,自由万岁。
75,小鞋子,بچه های آسمان,天堂的孩子  /  小童鞋,导演:马基德·马基迪MajidMajidi\主演:默罕默德·阿米尔·纳吉Mohamma...,1997/伊朗/剧情儿童家庭,9.2,奔跑的孩子是天使。
76,沉默的羔羊,The Silence of the Lambs,沉默的羔羊,导演:乔纳森·戴米JonathanDemme\主演:朱迪·福斯特JodieFoster/安...,1991/美国/剧情犯罪惊悚,8.9,安东尼·霍普金斯的顶级表演。
77,布达佩斯大饭店,The Grand Budapest Hotel,布达佩斯大酒店(港)  /  欢迎来到布达佩斯大饭店(台),导演:韦斯·安德森WesAnderson\主演:拉尔夫·费因斯RalphFiennes/...,2014/美国德国英国/剧情喜剧冒险,8.9,小清新的故事里注入了大历史的情怀。
78,功夫, ,功夫3D  /  Kung Fu Hustle,导演:周星驰StephenChow\主演:周星驰StephenChow/元秋QiuYuen/...,2004/中国大陆中国香港/动作喜剧犯罪奇幻,8.8,警恶惩奸，维护世界和平这个任务就交给你了，好吗？
79,禁闭岛,Shutter Island,不赦岛(港)  /  隔离岛(台),导演:MartinScorsese\主演:莱昂纳多·迪卡普里奥LeonardoDiCaprio/...,2010/美国/剧情悬疑惊悚,8.9,昔日翩翩少年，今日大腹便便。
80,蝴蝶效应,The Butterfly Effect,蝴蝶效应,导演:埃里克·布雷斯EricBress/J·麦基·格鲁伯J.MackyeGruber\主...,2004/美国加拿大/剧情悬疑科幻惊悚,8.9,人的命运被自己瞬间的抉择改变。
81,致命魔术,The Prestige,死亡魔法(港)  /  顶尖对决(台),导演:克里斯托弗·诺兰ChristopherNolan\主演:休·杰克曼HughJackman...,2006/英国美国/剧情悬疑惊悚,8.9,孪生蝙蝠侠大战克隆金刚狼。
82,哈利·波特与阿兹卡班的囚徒,Harry Potter and the Prisoner of Azkaban,哈利波特3：阿兹卡班的逃犯(港 / 台) ,导演:AlfonsoCuarón\主演:丹尼尔·雷德克里夫DanielRadcliffe/Emma...,2004/英国美国/奇幻冒险,8.9,不一样的导演，不一样的哈利·波特。
83,心灵捕手,Good Will Hunting,骄阳似我(港)  /  心灵捕手,导演:格斯·范·桑特GusVanSant\主演:马特·达蒙MattDamon/罗宾·...,1997/美国/剧情,8.9,人生中应该拥有这样的一段豁然开朗。
84,超脱,Detachment,人间师格(台),导演:托尼·凯耶TonyKaye\主演:艾德里安·布洛迪AdrienBrody/马西...,2011/美国/剧情,9.0,穷尽一生，我们要学会的，不过是彼此拥抱。
85,低俗小说,Pulp Fiction,危险人物(港)  /  黑色追缉令(台),导演:昆汀·塔伦蒂诺QuentinTarantino\主演:约翰·特拉沃尔塔JohnTra...,1994/美国/剧情喜剧犯罪,8.9,故事的高级讲法。
86,海豚湾,The Cove,血色海湾(台)  /  海湾,导演:路易·西霍尤斯LouiePsihoyos\主演:路易·西霍尤斯LouiePsihoyo...,2009/美国/纪录片,9.3,海豚的微笑，是世界上最高明的伪装。
87,摩登时代,Modern Times,The Masses  /  Les Temps modernes,导演:查理·卓别林CharlesChaplin\主演:查理·卓别林CharlesChaplin...,1936/美国/剧情喜剧爱情,9.3,大时代中的人生，小人物的悲喜。
88,春光乍泄,春光乍洩,一起快乐  /  Happy Together,导演:王家卫KarWaiWong\主演:张国荣LeslieCheung/梁朝伟TonyLeu...,1997/中国香港日本韩国/剧情爱情同性,9.0,爱情纠缠，男女一致。
89,美国往事,Once Upon a Time in America,四海兄弟(台)  /  义薄云天(港),导演:赛尔乔·莱翁内SergioLeone\主演:罗伯特·德尼罗RobertDeNiro...,1984/美国意大利/犯罪剧情,9.2,往事如烟，无处祭奠。
90,喜剧之王,喜劇之王,King of Comedy,导演:周星驰StephenChow/李力持Lik-ChiLee\主演:周星驰StephenCh...,1999/中国香港/喜剧剧情爱情,8.8,我是一个演员。
91,致命ID,Identity,杀人游戏  /  致命身份,导演:詹姆斯·曼高德JamesMangold\主演:约翰·库萨克JohnCusack/雷...,2003/美国/剧情悬疑惊悚,8.9,最不可能的那个人永远是最可能的。
92,杀人回忆,살인의 추억,谋杀回忆  /  杀手回忆录,导演:奉俊昊Joon-hoBong\主演:宋康昊Kang-hoSong/金相庆Sang-kyun...,2003/韩国/剧情动作犯罪悬疑惊悚,8.9,关于连环杀人悬案的集体回忆。
93,七宗罪,Se7en,火线追缉令(台)  /  7宗罪,导演:大卫·芬奇DavidFincher\主演:摩根·弗里曼MorganFreeman/布...,1995/美国/剧情犯罪悬疑惊悚,8.8,警察抓小偷，老鼠玩死猫。
94,红辣椒,パプリカ,盗梦侦探(港 / 台) ,导演:今敏SatoshiKon\主演:林原惠美MegumiHayashibara/江守彻Toru...,2006/日本/动画悬疑科幻惊悚,9.1,梦的勾结。
95,加勒比海盗,Pirates of the Caribbean: The Curse of the Black Pearl,加勒比海盗1：黑珍珠号的诅咒  /  神鬼奇航：鬼盗船魔咒(台),导演:戈尔·维宾斯基GoreVerbinski\主演:约翰尼·德普JohnnyDepp/...,2003/美国/动作冒险奇幻,8.8,约翰尼·德普的独角戏。
96,哈利·波特与密室,Harry Potter and the Chamber of Secrets,哈利波特2：消失的密室(港 / 台) ,导演:ChrisColumbus\主演:丹尼尔·雷德克里夫DanielRadcliffe/艾玛...,2002/英国美国/奇幻冒险,8.9,魔法的密室之门已打开...
97,一一, ,Yi yi  /  Yi yi: A One and a Two,导演:杨德昌EdwardYang\主演:吴念真/李凯莉KellyLee/金燕玲Elai...,2000/中国台湾日本/剧情爱情家庭,9.1,我们都曾经是一一。
98,狩猎,Jagten,诬网(港)  /  谎言的烙印(台),导演:托马斯·温特伯格ThomasVinterberg\主演:麦斯·米科尔森MadsMik...,2012/丹麦瑞典/剧情,9.1,人言可畏。
99,唐伯虎点秋香,唐伯虎點秋香,Flirting Scholar,导演:李力持Lik-ChiLee\主演:周星驰StephenChow/巩俐LiGong/陈...,1993/中国香港/喜剧爱情古装,8.7,华太师是黄霑，吴镇宇四大才子之一。
100,7号房的礼物,7번방의 선물,戆爸的礼物(港)  /  7号囚房的礼物,导演:李焕庆Hwan-kyeongLee\主演:柳承龙Seung-yongRyoo/朴信惠Shi...,2013/韩国/剧情喜剧家庭,8.9,《我是山姆》的《美丽人生》。
101,被嫌弃的松子的一生,嫌われ松子の一生,花样奇缘(港)  /  令人讨厌的松子的一生(台),导演:中岛哲也TetsuyaNakashima\主演:中谷美纪MikiNakatani/瑛太E...,2006/日本/剧情歌舞,8.9,以戏谑来戏谑戏谑。
102,蝙蝠侠：黑暗骑士崛起,The Dark Knight Rises,蝙蝠侠前传3：黑暗骑士崛起  /  黑暗骑士：黎明升起(台),导演:克里斯托弗·诺兰ChristopherNolan\主演:克里斯蒂安·贝尔Christ...,2012/美国英国/剧情动作科幻犯罪惊悚,8.9,诺兰就是保证。
103,请以你的名字呼唤我,Call Me by Your Name,以你的名字呼唤我(港 / 台) ,导演:卢卡·瓜达尼诺LucaGuadagnino\主演:艾米·汉莫ArmieHammer/...,2017/意大利法国巴西美国/剧情爱情同性,8.8,沉醉在电影的情感和视听氛围中无法自拔。
104,爱在黎明破晓前,Before Sunrise,情留半天(港)  /  爱在黎明破晓时(台),导演:理查德·林克莱特RichardLinklater\主演:伊桑·霍克EthanHawke...,1995/美国奥地利瑞士/剧情爱情,8.8,缘分是个连绵词，最美不过一瞬。
105,断背山,Brokeback Mountain,断臂山  /  BBM,导演:李安AngLee\主演:希斯·莱杰HeathLedger/杰克·吉伦哈尔Jake...,2005/美国加拿大/剧情爱情同性家庭,8.8,每个人心中都有一座断背山。
106,剪刀手爱德华,Edward Scissorhands,幻海奇缘(港)  /  剪刀手爱德华,导演:蒂姆·波顿TimBurton\主演:约翰尼·德普JohnnyDepp/薇诺娜·...,1990/美国/剧情奇幻爱情,8.7,浪漫忧郁的成人童话。
107,入殓师,おくりびと,礼仪师之奏鸣曲(港)  /  礼仪师(台),导演:泷田洋二郎YôjirôTakita\主演:本木雅弘MasahiroMotoki/...,2008/日本/剧情,8.9,死可能是一道门，逝去并不是终结，而是超越，走向下一程。
108,第六感,The Sixth Sense,鬼眼(港)  /  灵异第六感(台),导演:M·奈特·沙马兰M.NightShyamalan\主演:布鲁斯·威利斯BruceWi...,1999/美国/剧情悬疑惊悚,8.9,深入内心的恐怖，出人意料的结局。
109,重庆森林,重慶森林,Chungking Express,导演:王家卫KarWaiWong\主演:林青霞BrigitteLin/金城武TakeshiK...,1994/中国香港/剧情爱情,8.8,寂寞没有期限。
110,勇敢的心,Braveheart,惊世未了缘(港)  /  梅尔吉勃逊之英雄本色(台),导演:梅尔·吉布森MelGibson\主演:梅尔·吉布森MelGibson/苏菲·玛...,1995/美国/动作传记剧情历史战争,8.9,史诗大片的典范。
111,超能陆战队,Big Hero 6,大英雄联盟(港)  /  大英雄天团(台),导演:唐·霍尔DonHall/克里斯·威廉姆斯ChrisWilliams\主演:斯科特...,2014/美国/喜剧动作科幻动画冒险,8.7,Balalala~~~
112,甜蜜蜜, ,Comrades: Almost a Love Story,导演:陈可辛PeterChan\主演:黎明LeonLai/张曼玉MaggieCheung/...,1996/中国香港/剧情爱情,8.9,相逢只要一瞬间，等待却像是一辈子。
113,幽灵公主,もののけ姫,魔法公主(港)  /  魔法公主(台),导演:宫崎骏HayaoMiyazaki\主演:松田洋治YôjiMatsuda/石田百合...,1997/日本/动画奇幻冒险,8.9,人与自然的战争史诗。
114,爱在日落黄昏时,Before Sunset,日落巴黎(港)  /  爱在日落巴黎时(台),导演:理查德·林克莱特RichardLinklater\主演:伊桑·霍克EthanHawke...,2004/美国法国/剧情爱情,8.9,九年后的重逢是世俗和责任的交叠，没了悸动和青涩，沧桑而温暖。
115,菊次郎的夏天,菊次郎の夏,菊次郎之夏  /  Kikujirô no natsu,导演:北野武TakeshiKitano\主演:北野武TakeshiKitano/关口雄介Yus...,1999/日本/剧情喜剧,8.9,从没见过那么流氓的温柔，从没见过那么温柔的流氓。
116,借东西的小人阿莉埃蒂,借りぐらしのアリエッティ,借物少女艾莉缇(台)  /  借东西的小矮人亚莉亚蒂(港),导演:米林宏昌HiromasaYonebayashi\主演:志田未来MiraiShida/神木...,2010/日本/动画奇幻冒险,8.9,曾经的那段美好会沉淀为一辈子的记忆。
117,消失的爱人,Gone Girl,失踪的女孩  /  失踪女孩,导演:大卫·芬奇DavidFincher\主演:本·阿弗莱克BenAffleck/罗莎蒙...,2014/美国/剧情犯罪悬疑惊悚,8.7,年度最佳date movie。
118,寄生虫,기생충,寄生上流(台)  /  上流寄生族(港),导演:奉俊昊Joon-hoBong\主演:宋康昊Kang-hoSong/李善均Seon-gyun...,2019/韩国/剧情,8.8, 
119,阳光灿烂的日子, ,In the Heat of the Sun,导演:姜文WenJiang\主演:夏雨YuXia/宁静JingNing/陶虹HongTao,1994/中国大陆中国香港/剧情爱情,8.8,一场华丽的意淫。
120,天使爱美丽,Le fabuleux destin d'Amélie Poulain,艾蜜莉的异想世界(台)  /  天使艾米莉,导演:让-皮埃尔·热内Jean-PierreJeunet\主演:奥黛丽·塔图AudreyTau...,2001/法国德国/剧情喜剧爱情,8.7,法式小清新。 
121,完美的世界,A Perfect World,强盗保镳,导演:克林特·伊斯特伍德ClintEastwood\主演:凯文·科斯特纳KevinCos...,1993/美国/剧情犯罪,9.1,坏人的好总是比好人的好来得更感人。
122,小森林 夏秋篇,リトル・フォレスト 夏・秋,小森食光 / 夏秋篇(台) ,导演:森淳一JunichiMori\主演:桥本爱AiHashimoto/三浦贵大Takahir...,2014/日本/剧情,9.0,那些静得只能听见呼吸的日子里，你明白孤独即生活。
123,倩女幽魂, ,倩女幽魂(87版)  /  倩女幽魂：妖魔道,导演:程小东Siu-TungChing\主演:张国荣LeslieCheung/王祖贤JoeyW...,1987/中国香港/爱情奇幻武侠古装,8.8,两张绝世的脸。 
124,无人知晓,誰も知らない,谁知赤子心(港)  /  无人知晓的夏日清晨(台),导演:是枝裕和HirokazuKoreeda\主演:柳乐优弥YûyaYagira/北浦爱...,2004/日本/剧情,9.1,我的平常生活就是他人的幸福。
125,时空恋旅人,About Time,回到最爱的一天(港)  /  真爱每一天(台),导演:理查德·柯蒂斯RichardCurtis\主演:多姆纳尔·格里森DomhnallGl...,2013/英国/喜剧爱情奇幻,8.8,把每天当作最后一天般珍惜度过，积极拥抱生活，就是幸福。
126,侧耳倾听,耳をすませば,心之谷(台)  /  梦幻街少女(港),导演:近藤喜文YoshifumiKondo\主演:本名阳子YoukoHonna/小林桂树K...,1995/日本/剧情爱情动画,8.9,少女情怀总是诗。
127,未麻的部屋,Perfect Blue,蓝色恐惧(港 / 台) ,导演:今敏SatoshiKon\主演:岩男润子JunkoIwao/松本梨香RicaMatsu...,1997/日本/动画奇幻惊悚,9.1,好的剧本是，就算你猜到了结局也猜不到全部。
128,哈利·波特与火焰杯,Harry Potter and the Goblet of Fire,哈利波特4：火杯的考验(港 / 台) ,导演:迈克·内威尔MikeNewell\主演:丹尼尔·雷德克里夫DanielRadclif...,2005/英国美国/悬疑奇幻冒险,8.8, 
129,幸福终点站,The Terminal,机场客运站(港)  /  航站情缘(台),导演:史蒂文·斯皮尔伯格StevenSpielberg\主演:汤姆·汉克斯TomHanks...,2004/美国/喜剧剧情爱情,8.8,有时候幸福需要等一等。 
130,驯龙高手,How to Train Your Dragon,驯龙记(港),导演:迪恩·德布洛斯DeanDeBlois/克里斯·桑德斯ChrisSanders\主演:...,2010/美国/动画奇幻冒险,8.8,和谐的生活离不开摸头与被摸头。
131,小森林 冬春篇,リトル・フォレスト 冬・春,小森食光 / 冬春篇(台) ,导演:森淳一JunichiMori\主演:桥本爱AiHashimoto/三浦贵大Takahir...,2015/日本/剧情,9.0,尊敬他人，尊敬你生活的这片土地，明白孤独是人生的常态。
132,一个叫欧维的男人决定去死,En man som heter Ove,明天别再来敲门(台)  /  想死冇咁易(港),导演:汉内斯·赫尔姆HannesHolm\主演:罗夫·拉斯加德RolfLassgård...,2015/瑞典/剧情,8.9,惠及一生的美丽。
133,教父3,The Godfather: Part III,教父第三集  /  教父 III,导演:弗朗西斯·福特·科波拉FrancisFordCoppola\主演:阿尔·帕西诺A...,1990/美国/剧情犯罪,9.0,任何信念的力量，都无法改变命运。
134,怪兽电力公司,"Monsters, Inc.",怪兽公司(港)  /  怪物公司,导演:彼特·道格特PeteDocter/大卫·斯沃曼DavidSilverman\主演:约...,2001/美国/儿童喜剧动画奇幻冒险,8.8,不要给它起名字，起了名字就有感情了。
135,玩具总动员3,Toy Story 3,反斗奇兵3(港)  /  玩具的故事3,导演:李·昂克里奇LeeUnkrich\主演:汤姆·汉克斯TomHanks/蒂姆·艾...,2010/美国/喜剧动画奇幻冒险,8.9,跨度十五年的欢乐与泪水。
136,傲慢与偏见,Pride & Prejudice,傲慢与偏见2005  /  Pride And Prejudice,导演:乔·怀特JoeWright\主演:凯拉·奈特莉KeiraKnightley/马修·...,2005/法国英国美国/剧情爱情,8.7,爱是摈弃傲慢与偏见之后的曙光。
137,萤火之森,蛍火の杜へ,萤火之社  /  Hotarubi no mori e,导演:大森贵弘TakahiroOmori\主演:佐仓绫音AyaneSakura/内山昂辉K...,2011/日本/剧情爱情动画奇幻,8.9,触不到的恋人。
138,新世界,신세계,暗黑新世界(台)  /  New World,导演:朴勋政Hoon-jungPark\主演:李政宰Jung-JaeLee/崔岷植Min-sik...,2013/韩国/剧情犯罪,8.9,要做就做得狠一点，这样才能活下去。
139,釜山行,부산행,尸杀列车(港)  /  尸速列车(台),导演:延尚昊Sang-hoYeon\主演:孔侑YooGong/郑有美Yu-miJung/马...,2016/韩国/动作惊悚灾难,8.6,揭露人性的丧尸题材力作。
140,被解救的姜戈,Django Unchained,被解放的姜戈  /  决杀令(台),导演:昆汀·塔伦蒂诺QuentinTarantino\主演:杰米·福克斯JamieFoxx/...,2012/美国/剧情动作西部冒险,8.8,热血沸腾，那个低俗、性感的无耻混蛋又来了。
141,神偷奶爸,Despicable Me,卑鄙的我  /  坏蛋奖门人(港),导演:皮艾尔·柯芬PierreCoffin/克里斯·雷纳德ChrisRenaud\主演:...,2010/美国法国/喜剧动画冒险,8.7,Mr. I Don't Care其实也有Care的时候。
142,茶馆, ,The Teahouse,导演:谢添TianXie\主演:于是之ShizhiYu/郑榕RongZhen/蓝天野T...,1982(中国大陆)/中国大陆/剧情历史,9.6, 
143,告白, ,自白  /  母亲,导演:中岛哲也TetsuyaNakashima\主演:松隆子TakakoMatsu/冈田将生...,2010/日本/剧情悬疑,8.8,没有一人完全善，也没有一人完全恶。
144,玛丽和马克思,Mary and Max,巧克力情缘(台)  /  同是天涯寂寞客,导演:亚当·艾略特AdamElliot\主演:托妮·科莱特ToniCollette/菲利...,2009/澳大利亚美国/剧情喜剧动画,9.0,你是我最好的朋友，你是我唯一的朋友 。
145,哪吒闹海, ,Prince Nezha's Triumph Against Dragon King  /  Nezha Conquers the Dragon King,导演:王树忱ShuchenWang/严定宪DingxianYan\主演:梁正晖Zhenghui...,1979/中国大陆/冒险动画奇幻,9.2,想你时你在闹海。
146,大鱼,Big Fish,大鱼奇缘(港)  /  大智若鱼(台),导演:蒂姆·波顿TimBurton\主演:伊万·麦克格雷格EwanMcGregor/阿...,2003/美国/剧情家庭奇幻冒险,8.8,抱着梦想而活着的人是幸福的，怀抱梦想而死去的人是不朽的。
147,色，戒, ,色|戒  /  色·戒,导演:李安AngLee\主演:梁朝伟TonyLeungChiuWai/汤唯WeiTang/...,2007/中国台湾中国大陆美国中国香港/剧情爱情情色,8.7,假戏真情，爱欲深海
148,九品芝麻官, ,九品芝麻官之白面包青天  /  Hail the Judge,导演:王晶JingWong\主演:周星驰StephenChow/吴孟达ManTatNg/...,1994/中国香港中国大陆/剧情喜剧古装,8.7, 
149,喜宴,囍宴,The Wedding Banquet,导演:李安AngLee\主演:赵文瑄WinstonChao/归亚蕾Ya-leiKuei/郎...,1993/中国台湾美国/剧情喜剧爱情同性家庭,9.0,中国家庭的喜怒哀乐忍。
150,模仿游戏,The Imitation Game,解码游戏(港)  /  模拟游戏,导演:莫滕·泰杜姆MortenTyldum\主演:本尼迪克特·康伯巴奇BenedictC...,2014/英国美国/剧情传记战争同性,8.8,他给机器起名“克里斯托弗”，因为这是他初恋的名字。
151,头号玩家,Ready Player One,玩家一号  /  挑战者1号(港),导演:史蒂文·斯皮尔伯格StevenSpielberg\主演:泰伊·谢里丹TyeSheri...,2018/美国/动作科幻冒险,8.7,写给影迷，动漫迷和游戏迷的一封情书。
152,射雕英雄传之东成西就,射鵰英雄傳之東成西就,东成西就  /  大英雄 (日本),导演:刘镇伟JeffreyLau\主演:梁朝伟TonyLeungChiuWai/林青霞Bri...,1993/中国香港/喜剧奇幻武侠古装,8.7,百看不厌。 
153,花样年华,花樣年華,In the Mood for Love,导演:王家卫KarWaiWong\主演:梁朝伟TonyLeungChiuWai/张曼玉Ma...,2000/中国香港/剧情爱情,8.8,偷情本没有这样美。
154,我是山姆,I Am Sam,不一样的爸爸(港)  /  他不笨，他是我爸爸(台),导演:杰茜·尼尔森JessieNelson\主演:SeanPenn/DakotaFanning/Mi...,2001/美国/剧情家庭,9.0,爱并不需要智商 。
155,头脑特工队,Inside Out,玩转脑朋友(港)  /  脑筋急转弯(台),导演:彼特·道格特PeteDocter/罗纳尔多·德尔·卡门RonaldoDelCarmen&nb...,2015/美国/喜剧动画冒险,8.8,愿我们都不用长大，每一座城堡都能永远存在。
156,阳光姐妹淘,써니,阳光姊妹淘(港)  /  桑尼,导演:姜炯哲Hyeong-CheolKang\主演:沈恩京Eun-kyungShim/闵孝琳Hy...,2011/韩国/剧情喜剧,8.8,再多各自牛逼的时光，也比不上一起傻逼的岁月。 
157,七武士,七人の侍,七侠四义(港)  /  七剑客(港),导演:黑泽明AkiraKurosawa\主演:三船敏郎ToshirôMifune/志村乔...,1954/日本/动作冒险剧情,9.3,时代悲歌。
158,血战钢锯岭,Hacksaw Ridge,钢锯岭  /  钢铁英雄(台),导演:梅尔·吉布森MelGibson\主演:安德鲁·加菲尔德AndrewGarfield/...,2016/澳大利亚美国/剧情传记历史战争,8.7,优秀的战争片不会美化战场，不会粉饰死亡，不会矮化敌人，不会无视常识，最重要的，不会宣扬战争。
159,恐怖直播,더 테러 라이브,死亡“动”新闻(港)  /  恐怖攻击直播(台),导演:金秉祐Byeong-wooKim\主演:河正宇Jung-wooHa/李璟荣Kyeong-y...,2013/韩国/剧情犯罪悬疑,8.7,恐怖分子的“秋菊打官司”。
160,惊魂记,Psycho,精神病患者  /  触目惊心(港),导演:阿尔弗雷德·希区柯克AlfredHitchcock\主演:安东尼·博金斯Antho...,1960/美国/悬疑惊悚恐怖,9.0,故事的反转与反转，分裂电影的始祖。
161,黑客帝国3：矩阵革命,The Matrix Revolutions,22世纪杀人网络3：惊变世纪(港)  /  骇客任务完结篇：最后战役(台),导演:拉娜·沃卓斯基LanaWachowski/莉莉·沃卓斯基LillyWachowski\...,2003/美国/动作科幻,8.8,不得不说，《黑客帝国》系列是商业片与科幻、哲学完美结合的典范。
162,你的名字。,君の名は。,你的名字  /  君之名,导演:新海诚MakotoShinkai\主演:神木隆之介RyûnosukeKamiki/上...,2016/日本/剧情爱情动画,8.5,穿越错位的时空，仰望陨落的星辰，你没留下你的名字，我却无法忘记那句“我爱你”。
163,电锯惊魂,Saw,恐惧斗室(港)  /  夺魂锯(台),导演:詹姆斯·温JamesWan\主演:雷·沃纳尔LeighWhannell/加利·艾...,2004/美国/悬疑惊悚恐怖,8.7,真相就在眼前。
164,三块广告牌,"Three Billboards Outside Ebbing, Missouri",广告牌杀人事件(港)  /  意外(台),导演:马丁·麦克唐纳MartinMcDonagh\主演:弗兰西斯·麦克多蒙德France...,2017/英国美国/剧情犯罪,8.7,怼天怼地，你走后，她与世界为敌。
165,达拉斯买家俱乐部,Dallas Buyers Club,续命枭雄(港)  /  药命俱乐部(台),导演:让-马克·瓦雷Jean-MarcVallée\主演:马修·麦康纳MatthewMcCon...,2013/美国/剧情传记同性,8.8,Jared Leto的腿比女人还美！
166,疯狂原始人,The Croods,古鲁家族(港 / 台) ,导演:科克·德·米科KirkDeMicco/克里斯·桑德斯ChrisSanders\主演...,2013/美国/喜剧动画冒险,8.7,老少皆宜，这就是好莱坞动画的魅力。
167,心迷宫, ,殡棺  /  The Coffin in the Mountain,导演:忻钰坤YukunXin\主演:霍卫民WeiminHuo/王笑天XiaotianWang...,2014/中国大陆/剧情犯罪悬疑,8.7,荒诞讽刺，千奇百巧，抽丝剥茧，百转千回。
168,谍影重重3,The Bourne Ultimatum,叛谍追击3：最后通牒(港)  /  神鬼认证：最后通牒 (台),导演:保罗·格林格拉斯PaulGreengrass\主演:马特·达蒙MattDamon/...,2007/美国德国法国英国/动作悬疑惊悚,8.8,像吃了苏打饼一样干脆的电影。
169,英雄本色, ,A Better Tomorrow  /  Gangland Boss,导演:吴宇森JohnWoo\主演:周润发Yun-FatChow/狄龙LungTi/张国...,1986/中国香港/剧情动作犯罪,8.6,英雄泪短，兄弟情长。 
170,上帝之城,Cidade de Deus,无主之城(港)  /  无法无天(台),导演:费尔南多·梅里尔斯FernandoMeirelles/卡迪亚·兰德KátiaLund&nbsp...,2002/巴西法国/犯罪剧情,9.0,被上帝抛弃了的上帝之城。
171,风之谷,風の谷のナウシカ,风谷少女  /  Kaze no tani no Naushika,导演:宫崎骏HayaoMiyazaki\主演:岛本须美SumiShimamoto/松田洋治Y...,1984/日本/动画奇幻冒险,8.9,动画片的圣经。
172,纵横四海,緃横四海,Once a Thief,导演:吴宇森JohnWoo\主演:周润发Yun-FatChow/张国荣LeslieCheung...,1991/中国香港/剧情喜剧动作犯罪,8.8,香港浪漫主义警匪动作片的巅峰之作。
173,卢旺达饭店,Hotel Rwanda,卢安达饭店(台),导演:特瑞·乔治TerryGeorge\主演:唐·钱德尔DonCheadle/苏菲·奥...,2004/英国南非意大利美国/剧情传记历史战争,8.9,当这个世界闭上双眼，他却敞开了怀抱。
174,海街日记,海街diary,海街女孩日记(港)  /  Kamakura Diary,导演:是枝裕和HirokazuKoreeda\主演:绫濑遥HarukaAyase/长泽雅美M...,2015/日本/剧情家庭,8.8,是枝裕和的家庭习作。
175,爱在午夜降临前,Before Midnight,情约半生(港)  /  爱在午夜希腊时(台),导演:理查德·林克莱特RichardLinklater\主演:伊桑·霍克EthanHawke...,2013/美国希腊/剧情爱情,8.9,所谓爱情，就是话唠一路，都不会心生腻烦，彼此嫌弃。
176,绿里奇迹,The Green Mile,绿色奇迹(台)  /  绿色英里,导演:弗兰克·德拉邦特FrankDarabont\主演:汤姆·汉克斯TomHanks/...,1999/美国/犯罪剧情奇幻悬疑,8.9,天使暂时离开。
177,小丑,Joker,小丑起源电影：罗密欧  /  Romeo,导演:托德·菲利普斯ToddPhillips\主演:杰昆·菲尼克斯JoaquinPhoeni...,2019/美国加拿大/剧情犯罪惊悚,8.7, 
178,记忆碎片,Memento,凶心人(港)  /  记忆拼图(台),导演:克里斯托弗·诺兰ChristopherNolan\主演:盖·皮尔斯GuyPearce/...,2000/美国/犯罪剧情悬疑惊悚,8.7,一个针管引发的血案。
179,疯狂的石头, ,Crazy Stone,导演:宁浩HaoNing\主演:郭涛TaoGuo/刘桦HuaLiu/连晋TeddyLin,2006/中国大陆中国香港/喜剧犯罪,8.6,中国版《两杆大烟枪》。
180,背靠背，脸对脸, ,"背对背，脸对脸  /  Back to Back, Face to Face",导演:黄建新JianxinHuang/杨亚洲YazhouYang\主演:牛振华ZhenhuaN...,1994/中国大陆中国香港/剧情,9.5, 
181,雨中曲,Singin' in the Rain,万花嬉春(港 / 台) ,导演:斯坦利·多南StanleyDonen/吉恩·凯利GeneKelly\主演:吉恩·...,1952/美国/喜剧歌舞爱情,9.1,骨灰级歌舞片。
182,心灵奇旅,Soul,灵魂奇遇记(港)  /  灵魂急转弯(台),导演:彼特·道格特PeteDocter/凯普·鲍尔斯KempPowers\主演:杰米·...,2020/美国/动画奇幻音乐,8.7, 
183,2001太空漫游,2001: A Space Odyssey,2001：星际漫游  /  2001：太空奥德赛,导演:斯坦利·库布里克StanleyKubrick\主演:凯尔·杜拉KeirDullea/...,1968/英国美国/科幻惊悚冒险,8.9,现代科幻电影的开山之作，最伟大导演的最伟大影片。
184,岁月神偷,歲月神偷,1969太空漫游  /  Echoes Of The Rainbow,导演:罗启锐AlexLaw\主演:吴君如SandraNg/任达华SimonYam/钟绍...,2010/中国香港中国大陆/剧情家庭,8.7,岁月流逝，来日可追。
185,忠犬八公物语,ハチ公物語,八千公物语  /  阿八的故事,导演:神山征二郎SeijirôKôyama\主演:仲代达矢TatsuyaNakadai/...,1987/日本/剧情,9.2,养狗三日，便会对你终其一生。
186,无间道2,無間道II,无间道前传  /  Infernal Affairs II,导演:刘伟强/麦兆辉\主演:陈冠希EdisonChen/余文乐ShawnYue/曾...,2003/中国香港/剧情犯罪惊悚,8.7, 
187,荒蛮故事,Relatos salvajes,蛮荒故事  /  生命中最抓狂的小事(台),导演:达米安·斯兹弗隆DamiánSzifron\主演:达里奥·葛兰帝内提Darío...,2014/阿根廷西班牙/剧情喜剧犯罪,8.8,始于荒诞，止于更荒诞。
188,小偷家族,万引き家族,Shoplifters  /  Une Affaire de Famille,导演:是枝裕和HirokazuKoreeda\主演:中川雅也LilyFranky/安藤樱Sa...,2018/日本/剧情犯罪家庭,8.7,我们组成了家。
189,无敌破坏王,Wreck-It Ralph,破坏王拉尔夫  /  破坏王大冒险,导演:瑞奇·莫尔RichMoore\主演:约翰·C·赖利JohnC.Reilly/萨拉...,2012/美国/喜剧动画奇幻冒险,8.7,迪士尼和皮克斯拿错剧本的产物。
190,爆裂鼓手,Whiplash,鼓动真我(港)  /  进击的鼓手(台),导演:达米恩·查泽雷DamienChazelle\主演:迈尔斯·特勒MilesTeller/...,2014/美国/剧情音乐,8.7,这个世界从不善待努力的人，努力了也不一定会成功，但是知道自己在努力，就是活下去的动力。
191,冰川时代,Ice Age,冰河世纪  /  冰原历险记,导演:卡洛斯·沙尔丹哈CarlosSaldanha/克里斯·韦奇ChrisWedge\主演...,2002/美国/喜剧动画冒险,8.6,松鼠才是角儿。
192,恐怖游轮,Triangle,汪洋血迷宮(台)  /  轮回三角,导演:克里斯托弗·史密斯ChristopherSmith\主演:梅利莎·乔治Melissa...,2009/英国澳大利亚/剧情悬疑惊悚,8.5,不要企图在重复中寻找已经失去的爱。
193,贫民窟的百万富翁,Slumdog Millionaire,一百万零一夜(港)  /  贫民百万富翁(台),导演:丹尼·鲍尔DannyBoyle/洛芙琳·坦丹LoveleenTandan\主演:戴夫...,2008/英国/剧情爱情,8.6,上帝之城+猜火车+阿甘正传+开心辞典=山寨富翁
194,牯岭街少年杀人事件,牯嶺街少年殺人事件,A Brighter Summer Day,导演:杨德昌EdwardYang\主演:张震ChenChang/杨静怡LisaYang/张...,1991/中国台湾/剧情犯罪,8.9,弱者送给弱者的一刀。
195,东邪西毒,東邪西毒,Ashes of Time,导演:王家卫KarWaiWong\主演:张国荣LeslieCheung/林青霞Brigitte...,1994/中国香港中国台湾/剧情动作爱情武侠古装,8.6,电影诗。
196,魔女宅急便,魔女の宅急便,魔女琪琪(台)  /  小魔女限时专送,导演:宫崎骏HayaoMiyazaki\主演:高山南MinamiTakayama/佐久间玲Re...,1989/日本/动画奇幻冒险,8.7,宫崎骏的电影总让人感觉世界是美好的，阳光明媚的。
197,遗愿清单,The Bucket List,玩转身前事(港)  /  一路玩到挂(台),导演:罗伯·莱纳RobReiner\主演:杰克·尼科尔森JackNicholson/摩根...,2007/美国/冒险喜剧剧情,8.7,用剩余不多的时间，去燃烧整个生命。
198,东京教父,東京ゴッドファーザーズ,Tokyo Godfathers,导演:今敏SatoshiKon\主演:江守彻ToruEmori/梅垣义明YoshiakiUme...,2003/日本/剧情喜剧动画,9.0, 
199,大佛普拉斯, ,The Great Buddha+,导演:黄信尧Hsin-yaoHuang\主演:庄益增YizengZhuang/陈竹昇Chu-sh...,2017/中国台湾/剧情喜剧,8.7,人们可以登上月球，却永远无法探索人们内心的宇宙。
200,你看起来好像很好吃,おまえうまそうだな,你看起来很好吃(台)  /  你看上去好像很好吃,导演:藤森雅也MasayaFujimori\主演:山口胜平KappeiYamaguchi/爱河...,2010/日本/剧情动画儿童,8.9,感情不分食草或者食肉。
201,可可西里, ,Kekexili: Mountain Patrol,导演:陆川ChuanLu\主演:多布杰Duobujie/张磊LeiZhang/亓亮QiL...,2004/中国大陆中国香港/剧情犯罪,8.9,坚硬的信仰。
202,真爱至上,Love Actually,真的恋爱了(港)  /  爱是您，爱是我(台),导演:理查德·柯蒂斯RichardCurtis\主演:休·格兰特HughGrant/连姆...,2003/英国美国法国/喜剧剧情爱情,8.6,爱，是个动词。
203,黑天鹅,Black Swan,夺命黑天鹅  /  霸王别鹅(豆友译名),导演:达伦·阿罗诺夫斯基DarrenAronofsky\主演:娜塔莉·波特曼Natalie...,2010/美国/剧情惊悚,8.6,黑暗之美。
204,城市之光,City Lights,City Lights: A Comedy Romance in Pantomime  /  Lichter der Großstadt,导演:CharlesChaplin\主演:查理·卓别林CharlesChaplin/弗吉尼亚·...,1931/美国/喜剧剧情爱情,9.3,永远的小人物，伟大的卓别林。
205,源代码,Source Code,启动原始码(台)  /  危机解密(港),导演:邓肯·琼斯DuncanJones\主演:杰克·吉伦哈尔JakeGyllenhaal/...,2011/美国加拿大/科幻悬疑惊悚,8.5,邓肯·琼斯继《月球》之后再度奉献出一部精彩绝伦的科幻佳作。
206,海边的曼彻斯特,Manchester by the Sea,情系海边之城(港),导演:肯尼斯·罗纳根KennethLonergan\主演:卡西·阿弗莱克CaseyAffle...,2016/美国/剧情家庭,8.6,我们都有权利不与自己的过去和解。
207,雨人,Rain Man,手足情未了(港)  /  手足情深,导演:巴瑞·莱文森BarryLevinson\主演:达斯汀·霍夫曼DustinHoffman...,1988/美国/剧情,8.7,生活在自己的世界里，也可以让周围的人显得可笑和渺小。
208,波西米亚狂想曲,Bohemian Rhapsody,波希米亚狂想曲：摇滚传说(港)  /  波希米亚狂想曲(台),导演:布莱恩·辛格BryanSinger\主演:拉米·马雷克RamiMalek/本·哈...,2018/英国美国/剧情传记同性音乐,8.6, 
209,初恋这件小事,สิ่งเล็กเล็กที่เรียกว่า...รัก,初恋那件小事(港)  /  暗恋那点小事,导演:普特鹏·普罗萨卡·那·萨克那卡林PuttipongPromsakaNaSakolnakorn/华森·波克彭...,2010/泰国/剧情喜剧爱情,8.5,黑小鸭速效美白记。
210,恋恋笔记本,The Notebook,忘了·忘不了(港)  /  手札情缘(台),导演:尼克·卡索维茨NickCassavetes\主演:瑞恩·高斯林RyanGosling/...,2004/美国/剧情爱情,8.5,爱情没有那么多借口，如果不能圆满，只能说明爱的不够。 
211,青蛇, ,Green Snake,导演:徐克HarkTsui\主演:张曼玉MaggieCheung/王祖贤JoeyWang/...,1993/中国香港中国大陆/剧情爱情奇幻古装,8.6,人生如此，浮生如斯。谁人言，花彼岸，此生情长意短。谁都是不懂爱的罢了。
212,人工智能,A.I. Artificial Intelligence,AI人工智慧,导演:史蒂文·斯皮尔伯格StevenSpielberg\主演:海利·乔·奥斯蒙Haley...,2001/美国英国/剧情科幻,8.7,对爱的执着，可以超越一切。
213,末路狂花,Thelma & Louise,塞尔玛与路易丝  /  末路狂花,导演:雷德利·斯科特RidleyScott\主演:吉娜·戴维斯GeenaDavis/苏...,1991/美国英国法国/犯罪剧情惊悚,8.9,没有了退路，只好飞向自由。
214,虎口脱险,La grande vadrouille,横冲直撞出重围(港)  /  大進擊(台),导演:杰拉尔·乌里GérardOury\主演:路易·德·菲耐斯LouisdeFunès...,1966/法国英国/喜剧战争,8.9,永远看不腻的喜剧。
215,终结者2：审判日,Terminator 2: Judgment Day,未来战士2(港)  /  魔鬼终结者2(台),导演:詹姆斯·卡梅隆JamesCameron\主演:阿诺·施瓦辛格ArnoldSchwarz...,1991/美国法国/动作科幻,8.8,少见的超越首部的续集，动作片中的经典。
216,疯狂的麦克斯4：狂暴之路,Mad Max: Fury Road,末日先锋：战甲飞车(港)  /  疯狂麦斯：愤怒道(台),导演:乔治·米勒GeorgeMiller\主演:汤姆·哈迪TomHardy/查理兹·塞...,2015/澳大利亚美国/动作科幻冒险,8.7,“多么美好的一天！”轰轰轰砰咚，啪哒哒哒轰隆隆，磅~
217,罗生门,羅生門,Rashomon,导演:黑泽明AkiraKurosawa\主演:三船敏郎ToshirôMifune/京町子...,1950/日本/剧情犯罪悬疑,8.8,人生的N种可能性。
218,新龙门客栈,新龍門客棧,New Dragon Gate Inn,导演:李惠民RaymondLee\主演:张曼玉MaggieCheung/林青霞Brigitte...,1992/中国香港中国大陆/动作爱情武侠古装,8.7,嬉笑怒骂，调风动月。
219,无耻混蛋,Inglourious Basterds,希魔撞正杀人狂(港)  /  恶棍特工(台),导演:昆汀·塔伦蒂诺QuentinTarantino\主演:布拉德·皮特BradPitt/...,2009/德国美国/剧情犯罪,8.7,昆汀同学越来越变态了，比北野武还杜琪峰。
220,千钧一发,Gattaca,变种异煞(港)  /  自然人,导演:安德鲁·尼科尔AndrewNiccol\主演:伊桑·霍克EthanHawke/乌玛...,1997/美国/剧情科幻惊悚,8.8,一部能引人思考的科幻励志片。
221,崖上的波妞,崖の上のポニョ,悬崖上的金鱼姬  /  悬崖上的金鱼公主,导演:宫崎骏HayaoMiyazaki\主演:奈良柚莉爱YuriaNara/土井洋辉Hir...,2008/日本/动画奇幻冒险,8.6, 
222,芙蓉镇, ,Hibiscus Town,导演:谢晋JinXie\主演:刘晓庆XiaoqingLiu/姜文WenJiang/郑在石...,1987/中国大陆/剧情爱情,9.3, 
223,萤火虫之墓,火垂るの墓,再见萤火虫(港)  /  萤火挽歌,导演:高畑勋IsaoTakahata\主演:辰己努/白石绫乃/志乃原良子,1988/日本/动画剧情战争,8.7,幸福是生生不息，却难以触及的远。 
224,花束般的恋爱,花束みたいな恋をした,她和他的恋爱花期(港)  /  爱如花束 恋恋不忘,导演:土井裕泰NobuhiroDoi\主演:菅田将晖MasakiSuda/有村架纯Kasu...,2021/日本/剧情爱情,8.6, 
225,彗星来的那一夜,Coherence,相干性  /  相干效应,导演:詹姆斯·沃德·布柯特JamesWardByrkit\主演:艾米丽·芭尔多尼Em...,2013/美国英国/科幻悬疑惊悚,8.6,小成本大魅力。
226,爱乐之城,La La Land,星声梦里人(港)  /  乐来越爱你(台),导演:达米恩·查泽雷DamienChazelle\主演:瑞恩·高斯林RyanGosling/...,2016/美国/剧情爱情歌舞,8.4, 
227,奇迹男孩,Wonder,奇迹,导演:斯蒂芬·卓博斯基StephenChbosky\主演:雅各布·特伦布莱JacobTr...,2017/美国中国香港/剧情儿童家庭,8.6,世界不完美，爱会有奇迹。
228,黑客帝国2：重装上阵,The Matrix Reloaded,22世纪杀人网络2：决战未来(港)  /  骇客任务：重装上阵(台),导演:拉娜·沃卓斯基LanaWachowski/莉莉·沃卓斯基LillyWachowski\...,2003/美国/动作科幻,8.7,一个精彩的世界观正在缓缓建立。
229,二十二, ,Twenty Two  /  22,导演:郭柯KeGuo\主演:,2015/中国大陆/纪录片,8.7,有一些东西不应该被遗忘。
230,哈利·波特与死亡圣器(上),Harry Potter and the Deathly Hallows: Part 1,哈利波特7：死神的圣物1(港 / 台) ,导演:大卫·叶茨DavidYates\主演:丹尼尔·雷德克里夫DanielRadcliffe...,2010/英国美国/奇幻冒险,8.5,最忠于原著的一部。
231,血钻,Blood Diamond,血钻石(台)  /  血腥钻石,导演:爱德华·兹威克EdwardZwick\主演:莱昂纳多·迪卡普里奥Leonardo...,2006/美国德国英国/剧情惊悚冒险,8.7,每个美丽事物背后都是滴血的现实。
232,战争之王,Lord of War,军火之王(台 / 港) ,导演:安德鲁·尼科尔AndrewNiccol\主演:尼古拉斯·凯奇NicolasCage/...,2005/美国德国/剧情犯罪,8.7,做一颗让别人需要你的棋子。
233,火星救援,The Martian,火星任务(港)  /  绝地救援(台),导演:雷德利·斯科特RidleyScott\主演:马特·达蒙MattDamon/杰西卡...,2015/英国美国匈牙利约旦/剧情科幻冒险,8.5, 
234,步履不停,歩いても 歩いても,横山家之味(港 / 台) ,导演:是枝裕和HirokazuKoreeda\主演:阿部宽HiroshiAbe/夏川结衣Yu...,2008/日本/剧情家庭,8.8,日本的家庭电影已经是世界巅峰了，步履不停是巅峰中的佳作。
235,房间,Room,不存在的房间(台)  /  抖室(港),导演:伦尼·阿伯拉罕森LennyAbrahamson\主演:布丽·拉尔森BrieLarson...,2015/爱尔兰加拿大英国美国/剧情家庭,8.8,被偷走的岁月，被伤害的生命，被禁锢的灵魂，终将被希望和善意救赎。
236,魂断蓝桥,Waterloo Bridge,滑铁卢桥  /  断桥残梦,导演:茂文·勒鲁瓦MervynLeRoy\主演:费雯·丽VivienLeigh/罗伯特·...,1940/美国/剧情爱情战争,8.8,中国式内在的美国电影。
237,千年女优,千年女優,Millennium Actress,导演:今敏SatoshiKon\主演:庄司美代子MiyokoShôji/小山茉美Mam...,2001/日本/动画剧情爱情,8.8,爱情是一场没有尽头的虚幻追逐。
238,谍影重重2,The Bourne Supremacy,叛谍追击2：机密圈套(港)  /  神鬼认证：神鬼疑云(台),导演:保罗·格林格拉斯PaulGreengrass\主演:马特·达蒙MattDamon/...,2004/美国德国/动作悬疑惊悚,8.7,谁说王家卫镜头很晃？
239,白日梦想家,The Secret Life of Walter Mitty,发梦王大历险(港)  /  白日梦冒险王(台),导演:本·斯蒂勒BenStiller\主演:本·斯蒂勒BenStiller/克里斯汀·...,2013/美国英国/剧情喜剧冒险,8.6, 
240,哈利·波特与凤凰社,Harry Potter and the Order of the Phoenix,哈利波特5：凤凰会的密令(港 / 台) ,导演:大卫·叶茨DavidYates\主演:丹尼尔·雷德克里夫DanielRadcliffe...,2007/英国美国/奇幻冒险,8.5, 
241,弱点,The Blind Side,守护有心人(港)  /  攻其不备(台),导演:约翰·李·汉考克JohnLeeHancock\主演:桑德拉·布洛克SandraBu...,2009/美国/剧情家庭传记运动,8.7,拍掉身上的悲伤，从今天开始重新踏上追梦之旅。
242,蜘蛛侠：平行宇宙,Spider-Man: Into the Spider-Verse,蜘蛛侠：新纪元  /  蜘蛛人：新宇宙(台),导演:鲍勃·佩尔西凯蒂BobPersichetti/彼得·拉姆齐PeterRamsey\主...,2018/美国/动作科幻动画冒险,8.6, 
243,高山下的花环, ,卫国军魂(港)  /  Wreaths at the Foot of the Mountain,导演:谢晋JinXie\主演:吕晓禾XiaoheLü/唐国强GuoqiangTang/何...,1984(中国大陆)/1985/中国大陆/剧情战争,9.5, 
244,谍影重重,The Bourne Identity,叛谍追击(港)  /  神鬼认证(台),导演:道格·里曼DougLiman\主演:马特·达蒙MattDamon/弗兰卡·波坦...,2002/美国德国捷克/动作悬疑惊悚,8.6,哗啦啦啦啦，天在下雨，哗啦啦啦啦，云在哭泣……找自己。
245,阿飞正传,阿飛正傳,Days of Being Wild,导演:王家卫KarWaiWong\主演:张国荣LeslieCheung/张曼玉MaggieC...,1990/中国香港/犯罪剧情爱情,8.5,王家卫是一种风格，张国荣是一个代表。
246,朗读者,The Reader,为爱朗读(台)  /  读爱(港),导演:史蒂芬·戴德利StephenDaldry\主演:凯特·温丝莱特KateWinslet...,2008/美国德国/剧情爱情,8.6,当爱情跨越年龄的界限，它似乎能变得更久远一点，成为一种责任，一种水到渠成的相濡以沫。 
247,再次出发之纽约遇见你,Begin Again,再次出发  /  歌曲改变人生,导演:约翰·卡尼JohnCarney\主演:凯拉·奈特莉KeiraKnightley/马克...,2013/美国/喜剧爱情音乐,8.6,爱我就给我看你的播放列表。
248,燃情岁月,Legends of the Fall,秋日传奇  /  真爱一世情(台),导演:爱德华·兹威克EdwardZwick\主演:布拉德·皮特BradPitt/安东...,1994/美国/剧情爱情战争西部,8.7,传奇，不是每个人都可以拥有。
249,大红灯笼高高挂, ,Raise The Red Lantern  /  Épouses et concubines,导演:张艺谋YimouZhang\主演:巩俐LiGong/马精武JingwuMa/何赛...,1991/中国大陆中国香港中国台湾/剧情,8.8, 
